Sl.No,Name,Designation,Type of quarter,Area,Date of allotment,Year of const,Remarks
1,vacant,NOT-APPLICABLE,A-1 ,129m2,NOT-APPLICABLE,1970-71,To_be_updated
2,vacant,NOT-APPLICABLE,A-2,129m2,NOT-APPLICABLE,1970-71,To_be_updated
3,vacant,NOT-APPLICABLE,A-3,129m2,NOT-APPLICABLE,1970-71,To_be_updated
4,vacant,NOT-APPLICABLE,A-4,129m2,NOT-APPLICABLE,1970-71,To_be_updated
5,C.P.W.D,NOT-APPLICABLE,A-5,129m2,NOT-APPLICABLE,1970-71,To_be_updated
6,C.P.W.D,NOT-APPLICABLE,A-6,129m2,NOT-APPLICABLE,1970-71,To_be_updated
7,Club Activities,NOT-APPLICABLE,A7/A,129m2,NOT-APPLICABLE,1970-71,To_be_updated
8,Club Activities,NOT-APPLICABLE,A-7/B,129m2,NOT-APPLICABLE,1970-71,To_be_updated
9,Club Activities,NOT-APPLICABLE,A-7/C,129m2,NOT-APPLICABLE,1970-71,To_be_updated
10,Club Activities,NOT-APPLICABLE,A-7/D,129m2,NOT-APPLICABLE,1970-71,To_be_updated
11,Swapan Parua,Professor,B-1/2A,123m2,20.03.13,1964-65,To_be_updated
12,N.B.Hui,Professor,B-1/2B,123m2,27.04.12,1964-65,To_be_updated
13,Dr. Pacharya,Professor,B-2/2A,123m2,08.12.2017,1964-65,To_be_updated
14,vacant,NO-DATA,B-2/2B,123m2,NOT-APPLICABLE,1964-65,To_be_updated
15,Dr. T K Saha,Associate Prof,B-3/2A,123m2,05.05.14,1964-65,To_be_updated
16,S.Bagchi,Associate Prof,B-3/2B,123m2,NOT-APPLICABLE,1964-65,To_be_updated
17,Dr.A.K.Mal,Associate Prof,B-4/2A,123m2,13.04.12,1964-65,To_be_updated
18,vacant,NOT-APPLICABLE,B-4/2B,123m2,NOT-APPLICABLE,1964-65,To_be_updated
19,vacant,NOT-APPLICABLE,B-5/2A,123m2,NOT-APPLICABLE,1964-65,To_be_updated
20,vacant,Associate Prof,B-5/2B,123m2,NOT-APPLICABLE,1964-65,To_be_updated
21,Pinaki Pal,Associate Prof,B-6/2A,123m2,16.10.17,1964-65,To_be_updated
22,vacant,NOT-APPLICABLE,B-6/2B,123m2,14.08.18,1964-65,To_be_updated
23,"Dr. S,K,Rai",Associate Prof,B-7/2A,123m2,27.4.16,1964-65,To_be_updated
24,DR. S.Roy Barman,NO-DATA,B-7/2B,123m2,18.02.20,1964-65,To_be_updated
25,vacant,NOT-APPLICABLE,B-8/2A,123m2,NOT-APPLICABLE,1964-65,To_be_updated
26,Mamata Dalui ,Associate Prof,B-8/2B,123m2,01.08.22,1964-65,To_be_updated
27,vacant,NOT-APPLICABLE,B-9/2A,123m2,NOT-APPLICABLE,1964-65,To_be_updated
28,vacant,NOT-APPLICABLE,B-9/2B,123m2,NOT-APPLICABLE,1964-65,To_be_updated
29,T.Sandhukhan,Associate Prof,B-10/2A,123m2,19.09.07,1964-65,To_be_updated
30,vacant,NOT-APPLICABLE,B-10/2B,123m2,NOT-APPLICABLE,1964-65,To_be_updated
31,C.P.W.D,NOT-APPLICABLE,B-11/2A,123m2,NOT-APPLICABLE,1964-65,To_be_updated
32,C.P.W.D,NOT-APPLICABLE,B-11/2B,123m2,NOT-APPLICABLE,1964-65,To_be_updated
33,vacant,NOT-APPLICABLE,B-12/2A,123m2,NOT-APPLICABLE,1964-65,To_be_updated
34,vacant,NOT-APPLICABLE,B-12/2B,123m2,NOT-APPLICABLE,1964-65,To_be_updated
35,vacant,NOT-APPLICABLE,B-13/4A,89m2,NOT-APPLICABLE,1991,To_be_updated
36,vacant,NOT-APPLICABLE,B-13/4B,123m2,NOT-APPLICABLE,1991,To_be_updated
37,vacant,NOT-APPLICABLE,B-13/4C,123m2,NOT-APPLICABLE,1991,To_be_updated
38,vacant,NOT-APPLICABLE,B-13/4D,123m2,NOT-APPLICABLE,1991,To_be_updated
39,Faculty Club,NOT-APPLICABLE,DS-1/4A,77m2,NOT-APPLICABLE,1962-63,To_be_updated
40,Sujoy Saha,NO-DATA,DS-1/4B,77m2,27.12.13,1962-63,To_be_updated
41,"Dr, G.Prabhabati",M.O,DS-1/4C,77m2,15.05.17,1962-63,To_be_updated
42,Sri Ashutosh Das,Dy.Reg.Audit,DS-1/4D,77m2,29.09.06,1962-63,To_be_updated
43,T.Halder,Excut.Offic.Maint,DS-2/4A,77m2,23.04.21,1962-63,To_be_updated
44,Dr. A.Pramanik,Associate Prof,DS-2/4B,77m2,27.04.11,1962-63,To_be_updated
45,Swapna Renwa,Assistant Prof,DS-2/4C,77m2,8.4.19,1962-63,To_be_updated
46,Dr.Sasikant Verma,Assistant Prof,DS-2/4D,77m2,01.08.2024,1962-63,To_be_updated
47,A.K.Bhagat,Asst.Reg.(E&S),DS-3/4A,77m2,30.10.13,1962-63,To_be_updated
48,S.Mondal,Assistant Prof,DS-3/4B,77m2,24.07.16,1962-63,To_be_updated
49,Rinku Chowkhani,Assistant Prof,DS-3/4C,77m2,08.08.22,1962-63,To_be_updated
50,vacant,NOT-APPLICABLE,DS-3/4D,77m2,17.09.19,1962-63,To_be_updated
51,Ahmed ifran md,Assistant Prof,DS-4/4A,77m2,03.01.19,1962-63,To_be_updated
52,Sri Animesh Patari,Assistant Prof,DS-4/4B,77m2,07.11.13,1962-63,To_be_updated
53,Dr. Jaity Dey,Associate Prof,DS-4/4c,77m2,28.06.07,1962-63,To_be_updated
54,B.Nagarajan,A/R (T/C Maint),DS-4/4D,77m2,22.09.22,1962-63,To_be_updated
55,Gilbert Henge,Assistant Prof,DS-5/4A,77m2,14.09.22,1962-63,To_be_updated
56,Sri Ashim Kr. Das,Associate Prof,DS-5/4B,77m2,01.08.2K,1962-63,To_be_updated
57,Sri Supriya Sarkar,Assistant Prof,DS-5/4C,77m2,27.01.04,1962-63,To_be_updated
58,vacant,Assistant Prof,DS-5/4D,77m2,20.11.18,1962-63,To_be_updated
59,H.Subhramanium,Assistant Prof,DS-6/4A,77m2,05.02.19,1962-63,To_be_updated
60,Hemanta Mondal,Assistant Prof,DS-6/4B,77m2,09.07.19,1962-63,To_be_updated
61,Manab Mallik,Assistant Prof,DS-6/4C,77m2,31.07.18,1962-63,To_be_updated
62,Nibadita Mahata,Assistant Prof,DS-6/4D,77m2,18.08.18,1962-63,To_be_updated
63,Debabrota Gyan,Assistant Prof,DS-7/4A,77m2,11.10.22,1962-63,To_be_updated
64,Manika Saha,Assistant Prof,DS-7/4B,77m2,13.09.22,1962-63,To_be_updated
65,B.K.Saha Roy,Associate Prof,DS-7/4C,77m2,23.04.19,1962-63,To_be_updated
66,Partha Gopmandal,Assistant Prof,DS-7/4D,77m2,09.11.21,1962-63,To_be_updated
67,Sri A. Sardar,Asst.Reg,DS-8/4A,77m2,26.04.13,1962-63,To_be_updated
68,Dr. Joydeep Maity,Professor,DS-8/4B,77m2,29.06.07,1962-63,To_be_updated
69,Kuntal Jana,Assistant Prof,DS-8/4C,77m2,06.02.19,1962-63,To_be_updated
70,Chintamani Mishra,Assistant Prof,DS-8/4D,77m2,25.02.19,1962-63,To_be_updated
71,Soumya Chatterjee,Assistant Prof,DS-9/4A,77m2,22.09.22,1962-63,To_be_updated
72,Sayantam Sengupta,Assistant Prof,DS-9/4B,77m2,21.06.24,1962-63,To_be_updated
73,S.Karmakar,Assistant Prof,DS-9/4C,77m2,01.06.16,1962-63,To_be_updated
74,Dipanwati Das,Assistant Prof,DS-9/4D,77m2,09.11.09,1962-63,To_be_updated
75,Dhakhina R. Kisku,Associate Prof,DS-10/4A,77m2,06.06.17,1962-63,To_be_updated
76,Asish Dhara,Assistant Prof,DS-10/4B,77m2,25.04.19,1962-63,To_be_updated
77,D.D.Mondal,Assistant Prof,DS-10/4C,77m2,21.05.19,1962-63,To_be_updated
78,Bikas Mondal,Assistant Prof,DS-10/4D,77m2,08.04.19,1962-63,To_be_updated
79,Nilanjan Chatterjee,Associate Prof,DS-11/4A,77m2,11.02.19,1962-63,To_be_updated
80,Sayantari Ghosh,Assistant Prof,DS-11/4B,77m2,11.02.19,1962-63,To_be_updated
81,Supidita mondal,Assistant Prof,DS-11/4C,77m2,17.07.19,1962-63,To_be_updated
82,Deb ranjan Banerjee,Assistant Prof,DS-11/4D,77m2,17.07.19,1962-63,To_be_updated
83,Aprash dutta,Assistant Prof,DS-12/4A,77m2,20.11.18,1962-63,To_be_updated
84,Deepak Kumar,Assistant Prof,DS-12/4B,77m2,28.08.18,1962-63,To_be_updated
85,Shyantani Maiti,Assistant Prof,DS-12/4C,77m2,26.09.22,1962-63,To_be_updated
86,Rajdeep Dey,Assistant Prof,DS-12/4D,77m2,28.08.18,1962-63,To_be_updated
87,Nilanjan Biswas,Assistant Prof,DS-13/4A,77m2,22.09.22,1962-63,To_be_updated
88,Sri N.D.Jana,Assistant Prof,DS-13/4B,77m2,23.04.13,1962-63,To_be_updated
89,Mousumi Saha,Assistant Prof,DS-13/4C,77m2,15.02.18,1962-63,To_be_updated
90,Aritro Dey,Assistant Prof,DS-13/4D,77m2,01.02.19,1962-63,To_be_updated
91,Arjojoty Goswami,Assistant Prof,DS-14/4A,77m2,20.11.18,1962-63,To_be_updated
92,Soumik Das,Assistant Prof,DS-14/4B,77m2,20.11.18,1962-63,To_be_updated
93,Tushar Kanti Bera,Assistant Prof,DS-14/4C,77m2,16.05.19,1962-63,To_be_updated
94,Abhijit Ghosh,Assistant Prof,DS-14/4D,77m2,20.11.18,1962-63,To_be_updated
95,Santanu Paul,Assistant Prof,DS-15/4A,77m2,14.10.22,1962-63,To_be_updated
96,Krishnendu Pal,Assistant Prof,DS-15/4B,77m2,22.09.22,1962-63,To_be_updated
97,"S,samui",Assistant Prof,DS-15/4C,77m2,02.02.23,1962-63,To_be_updated
98,Dr. Amlan Das,Prof,DS-15/4D,77m2,NO-DATA,1962-63,To_be_updated
99,Suman Saha,Assistant Prof,DS-16/4A,77m2,05.08.22,1962-63,To_be_updated
100,Subhash Ghosal,NO-DATA,DS-16/4B,77m2,11.02.19,1962-63,To_be_updated
101,"Dr. S,Mukhopadhyay",Associate Prof,DS-16/4C,77m2,28.02.04,1962-63,To_be_updated
102,Md. Firoz Ali,Assistant Prof,DS-16/4D,77m2,08.04.19,1962-63,To_be_updated
103,sonku Konai,Assistant Prof,DS-17/4A,77m2,04.03.24,1962-63,To_be_updated
104,vacant,Assistant Prof,DS-17/4B,77m2,04.12.24,1962-63,To_be_updated
105,Ratnes Kumar,Assistant Prof,DS-17/4C,77m2,17.08.23,1962-63,To_be_updated
106,Barnali Maji,Assistant Prof,DS-17/4D,77m2,06.04.16,1962-63,To_be_updated
107,Omkar Yadav,Assistant Prof,DS-18/4A,77m2,12.12.23,1962-63,To_be_updated
108,Dr. P.K.GuhaThakurta,Assistant Prof,DS-18/4B,77m2,16.05.11,1962-63,To_be_updated
109,Sangita Bhattacharya,Assistant Prof,DS-18/4C,77m2,21.09.20,1962-63,To_be_updated
110,Srri Avinandan Das,Assistant Prof,DS-18/4D,77m2,08.08.96,1962-63,To_be_updated
111,Suvadip Batyabal,Assistant Prof,DS-19/4A,77m2,20.02.23,1962-63,To_be_updated
112,Karthikeyan J,Assistant Prof,DS-19/4B,77m2,23.08.22,1962-63,To_be_updated
113,Dr. B.Maji,Professor,DS-19/4C,77m2,09.01.03,1962-63,To_be_updated
114,Sutanuka Banerjee,Assistant Prof,DS-19/4D,77m2,03.01.19,1962-63,To_be_updated
115,Krishna Priya yagati,Assistant Prof,DS-20/4A,77m2,25.02.19,1962-63,To_be_updated
116,Monaj kr. Ozha,Assistant Prof,DS-20/4B,77m2,02.02.19,1962-63,To_be_updated
117,Susovan Dutta,Assistant Prof,DS-20/4C,77m2,04.01.23,1962-63,To_be_updated
118,Rajshree Das,Assistant Prof,DS-20/4D,77m2,24.01.23,1962-63,To_be_updated
119,vacant,Assistant Prof,DS-21/4A,77m2,28.08.23,1962-63,To_be_updated
120,Sirsendu Mondal,Assistant Prof,DS-21/4B,77m2,01.02.19,1962-63,To_be_updated
121,Debasish Mitra,Assistant Prof,DS-21/4C,77m2,05.05.14,1962-63,To_be_updated
122,Dr. Diptesh Das,Assistant Prof,DS-21/4D,77m2,30.10.2K,1962-63,To_be_updated
123,Debjani Dutta,Assistant Prof,DS-22/4A,77m2,01.02.16,1962-63,To_be_updated
124,S.B.I,Assistant Prof,DS-22/4B,77m2,NOT-APPLICABLE,1962-63,To_be_updated
125,Ashish Kr. Bhore,Assistant Prof,DS-22/4C,77m2,03.01.19,1962-63,To_be_updated
126,Dr. J.Banerjee,Professor,DS-22/4D,77m2,12.03.07,1962-63,To_be_updated
127,vacant,NOT-APPLICABLE,SS-/2A,49m2,NOT-APPLICABLE,1962-63,To_be_updated
128,vacant,NOT-APPLICABLE,SS-1/2B,49m2,NOT-APPLICABLE,1962-63,To_be_updated
129,vacant,NOT-APPLICABLE,SS-2/2A,56m2,03.10.23,1962-63,To_be_updated
130,P Ghosh,Tech. Assistant,SS-2/2B,56m2,09.05.14,1966,To_be_updated
131,Doli Mukherjee,sr. Assistant,SS-3/2A,56m2,06.05.11,1966,To_be_updated
132,vacant,Tech. Assistant,SS-3/2B,56m2,17.11.23,1966,To_be_updated
133,Victor Hembram,Tech. Assistant,SS-4/2A,56m2,16.03.18,1966,To_be_updated
134,Goutam Bhattacharya,Sr. Super,SS-4/2B,56m2,02.06.17,1966,To_be_updated
135,Md. Sarfulla,sr. Assistant,SS-5/2A,56m2,08.08.18,1966,To_be_updated
136,S Biswas,Tech. Assistant,SS-5/2B,56m2,02.05.14,1966,To_be_updated
137,Timir Baran Golui,Sr.Assistant,SS-6/2A,56m2,08.12.17,1966,To_be_updated
138,Manash Das,Tech. Assistant,SS-6/2B,56m2,15.06.10,1966,To_be_updated
139,vacant,NOT-APPLICABLE,SS-7/2A,56m2,NOT-APPLICABLE,1966,To_be_updated
140,vacant,NOT-APPLICABLE,SS-7/2B,56m2,NOT-APPLICABLE,1966,To_be_updated
141,Tapan Samadder,sr. Assistant,SS-8/2A,56m2,12.04.19,1966,To_be_updated
142,Dipankar Naskar,sr. Assistant,SS-8/2B,56m2,08.12.17,1966,To_be_updated
143,B C Roy,Sr. Attendent,SS-9/2A,56m2,03.05.14,1966,To_be_updated
144,A Kundu,Tech. Assistant,SS-9/2B,56m2,10.03.14,1966,To_be_updated
145,vacant,NOT-APPLICABLE,SS-10/2A,56m2,NOT-APPLICABLE,1966,To_be_updated
146,Avijit Saha,Tech. Assistant,SS-10/2B,56m2,13.06.17,1966,To_be_updated
147,vacant,Tech. Assistant,SS-11/2A,56m2,10.04.04,1966,To_be_updated
148,vacant,NOT-APPLICABLE,SS-11/2B,56m2,NOT-APPLICABLE,1966,To_be_updated
149,Bijay Hanse,sr. Assistant,SS-12/2A,56m2,28.02.18,1966,To_be_updated
150,vacant,NOT-APPLICABLE,SS-12/2B,56m2,NOT-APPLICABLE,1966,To_be_updated
151,Sumit Biswas,Sr. Super,SS-13/2A,56m2,12.02.14,1966,To_be_updated
152,A.K.Saha,Tech. Assistant,SS-13/2B,56m2,08.11.05,1966,To_be_updated
153,D.Chatterjee,Sr. Assistant,SS-14/2A,56m2,NOT-APPLICABLE,1966,To_be_updated
154,Raju Kisku,Tech. Assistant,SS-14/2B,56m2,08.03.18,1966,To_be_updated
155,Rajib Dey,NO-DATA,SS-15/2A,56m2,31.01.24,1966,To_be_updated
156,vacant,NOT-APPLICABLE,SS-15/2B,56m2,NOT-APPLICABLE,1966,To_be_updated
157,vacant,NOT-APPLICABLE,SS-16/2A,56m2,NOT-APPLICABLE,1966,To_be_updated
158,vacant,NOT-APPLICABLE,SS-16/2B,56m2,NOT-APPLICABLE,1966,To_be_updated
159,vacant,NOT-APPLICABLE,LM-1/2A,35m2,NOT-APPLICABLE,1965,To_be_updated
160,Sk. SahadatAli,NO-DATA,LM-1/2B,35m2,17.05.22,1965,To_be_updated
161,Suchandra Pal ,Reserch Scholar,LM-2/2A,35m2,13.07.2023,1965,To_be_updated
162,Rajendra Dome,Sr. Attendent,LM-2/2B,35m2,25.04.23,1965,To_be_updated
163,Manish Thakur,Reserch Scholar,LM-3/2A,35m2,01.06.22,1965,To_be_updated
164,Bhupen Bagdi,Sr. Attendent,LM-3/2B,35m2,16.11.21,1965,To_be_updated
165,chandan Bauri,sr. Assistant,LM-4/2A,35m2,16.12.19,1965,To_be_updated
166,Medical Nurse,NO-DATA,LM-4/2B,35m2,NO-DATA,1965,To_be_updated
167,Angshu Kumari,Reserch Scholar,LM-5/2A,35m2,22.06.24,1965,To_be_updated
168,Samrat Mondal,Reserch Scholar,LM-5/2B,35m2,08.06.22,1965,To_be_updated
169,R.Sukla,Reserch Scholar,LM-6/2A,35m2,08.06.22,1965,To_be_updated
170,Susmita Debnath,Reserch Scholar,LM-6/2B,35m2,13.07.23,1965,To_be_updated
171,vacant,NOT-APPLICABLE,LM-7/2A,35m2,NOT-APPLICABLE,1965,To_be_updated
172,vacant,NOT-APPLICABLE,LM-7/2B,35m2,NOT-APPLICABLE,1965,To_be_updated
173,Amit Lakra,sr. Assistant,LM-8/2A,35m2,15.11.21,1965,To_be_updated
174,Rajeev Kumar,Reserch Scholar,LM-8/2B,35m2,13.07.23,1965,To_be_updated
175,Amar Mahato,Reserch Scholar,LM-9/2A,35m2,08.06.22,1965,To_be_updated
176,Tapan Bairagya,sr. Assistant,LM-9/2B,35m2,07.10.13,1965,To_be_updated
177,Ravindra Kumar,NO-DATA,LM_10/2A,35m2,12.12.23,1965,To_be_updated
178,Monoj Das,sr. Assistant,LM-10/2B,35m2,21.03.17,1965,To_be_updated
179,vacant,NOT-APPLICABLE,LM-11/2A,35m2,NOT-APPLICABLE,1965,To_be_updated
180,vacant,NOT-APPLICABLE,LM-11/2B,35m2,NOT-APPLICABLE,1965,To_be_updated
181,Kithes Kr. Godnayak,Reserch Scholar,LM-12/2A,35m2,13.07.23,1965,To_be_updated
182,P.S.Banerjee,NO-DATA,LM-12/2B,35m2,15.05.09,1965,To_be_updated
183,B. Mazumder,NO-DATA,LM-13/4A,35m2,NO-DATA,1965,To_be_updated
184,Hemant patel,Reserch Scholar,LM-13/4B,35m2,02.05.24,1965,To_be_updated
185,Naren Debnath,Reserch Scholar,LM-13/4C,35m2,18.09.24,1965,To_be_updated
186,vacant,NOT-APPLICABLE,LM-13/4D,35m2,30.09.13,1965,To_be_updated
187,S.Sarkar,Lib Assistant,LM-14/4A,35m2,05.01.22,1965,To_be_updated
188,Raghuwansh Singh,Reserch Scholar,LM-14/4B,35m2,12.12.23,1965,To_be_updated
189,Anisha Sengupta,Reserch Scholar,LM-14/4C,35m2,06.12.23,1965,To_be_updated
190,Pritisha Sarkar,Reserch Scholar,LM-14/4D,35m2,06.12.23,1965,To_be_updated
191,POST OFFICE,NOT-APPLICABLE,LM-15/2A,35m2,NOT-APPLICABLE,1965,To_be_updated
192,POST OFFICE,NOT-APPLICABLE,LM-15/2B,35m2,NOT-APPLICABLE,1965,To_be_updated
193,Arnab Chatterjee,Reserch Scholar,LM-16/4A,35m2,13.07.23,1965,To_be_updated
194,Biswajit Patra,Reserch Scholar,LM-16/4B,35m2,13.07.23,1965,To_be_updated
195,Som Banerjee,Reserch Scholar,LM-16/4C,35m2,13.07.23,1965,To_be_updated
196,Sumanta Roy,NO-DATA,LM-16/4D,35m2,16.09.10,1965,To_be_updated
197,J. Das,Sr. Attendent,LM-17/2A,35m2,28.11.06,1965,To_be_updated
198,vacant,NOT-APPLICABLE,LM-17/2B,35m2,NOT-APPLICABLE,1965,To_be_updated
199,Subrata Chakraborty,Sr. Super,LM-18/4A,35m2,02.05.19,1965,To_be_updated
200,Chandra Bhushan,Reserch Scholar,LM-18/4B,35m2,02.08.24,1965,To_be_updated
201,Sameen Azhar,Reserch Scholar,LM-18/4C,35m2,13.07.23,1965,To_be_updated
202,Kamalesh.Ch. Sharma,Reserch Scholar,LM-18/4D,35m2,24.06.24,1965,To_be_updated
203,STAFF CANTEEN,NOT-APPLICABLE,LM-19/4A,35m2,NO-DATA,1965,To_be_updated
204,STAFF CLUB,NOT-APPLICABLE,LM-19/4B,35m2,NOT-APPLICABLE,1965,To_be_updated
205,STAFF CLUB,NOT-APPLICABLE,LM-19/4C,35m2,NOT-APPLICABLE,1965,To_be_updated
206,STAFF CLUB,NOT-APPLICABLE,LM-19/4D,35m2,NOT-APPLICABLE,1965,To_be_updated
207,vacant,NOT-APPLICABLE,LM-20/4A,35m2,NOT-APPLICABLE,1965,To_be_updated
208,Ahana Patra,Reserch Scholar,LM-20/4B,35m2,01.04.24,1965,To_be_updated
209,Gobindo Misra,Lab. Assistant,LM-20/4C,35m2,15.11.21,1965,To_be_updated
210,S. Karmakar,Attendend ,LM-20/4D,35m2,10.12.13,1965,To_be_updated
211,vacant,NOT-APPLICABLE,LM-21/4A,35m2,NOT-APPLICABLE,1965,To_be_updated
212,vacant,NOT-APPLICABLE,LM-21/4B,35m2,NOT-APPLICABLE,1965,To_be_updated
213,vacant,NOT-APPLICABLE,LM-21/4C,35m2,NOT-APPLICABLE,1965,To_be_updated
214,vacant,NOT-APPLICABLE,LM-21/4D,35m2,NOT-APPLICABLE,1965,To_be_updated
215,P.Patra,Attendend ,LM-22/4A,35m2,14.06.11,1965,To_be_updated
216,vacant,NOT-APPLICABLE,LM-22/4B,35m2,NOT-APPLICABLE,1965,To_be_updated
217,Souman Garai,Reserch Scholar,LM-22/4C,35m2,13.07.23,1965,To_be_updated
218,Ananya Banerjee,Reserch Scholar,LM-22/4D,35m2,12.02.24,1965,To_be_updated
219,vacant,NOT-APPLICABLE,LM-23/4A,35m2,NOT-APPLICABLE,1965,To_be_updated
220,vacant,NOT-APPLICABLE,LM-23/4B,35m2,NOT-APPLICABLE,1965,To_be_updated
221,vacant,NOT-APPLICABLE,LM-23/4C,35m2,NOT-APPLICABLE,1965,To_be_updated
222,vacant,NOT-APPLICABLE,LM-23/4D,35m2,NOT-APPLICABLE,1965,To_be_updated
223,vacant,NOT-APPLICABLE,LM-24/4A,35m2,NOT-APPLICABLE,1965,To_be_updated
224,vacant,NOT-APPLICABLE,LM-24/4B,35m2,NOT-APPLICABLE,1965,To_be_updated
225,vacant,NOT-APPLICABLE,LM-24/4C,35m2,NOT-APPLICABLE,1965,To_be_updated
226,vacant,NOT-APPLICABLE,LM-24/4D,35m2,NOT-APPLICABLE,1965,To_be_updated
227,Rajeev Kumar,Reserch Scholar,LM-25/4A,35m2,21.05.24,1965,To_be_updated
228,Imran Ahemed,Reserch Scholar,LM-25/4B,35m2,21.05.24,1965,To_be_updated
229,vacant,NOT-APPLICABLE,LM-25/4C,35m2,NOT-APPLICABLE,1965,To_be_updated
230,vacant,NOT-APPLICABLE,LM-25/4D,35m2,NOT-APPLICABLE,1965,To_be_updated
231,Avash Kr. Saha,Reserch Scholar,LM-26/4A,35m2,13.07.23,1965,To_be_updated
232,Subrata Saha,Reserch Scholar,LM-26/4B,35m2,12.12.23,1965,To_be_updated
233,Satyabhama Shaw,Reserch Scholar,LM-26/4C,35m2,12.12.23,1965,To_be_updated
234,vacant,NOT-APPLICABLE,LM-26/4D,35m2,NOT-APPLICABLE,1965,To_be_updated
235,Gopal Mandi,Attendend ,LM-27/4A,35m2,10.02.14,1965,To_be_updated
236,Shibu Gorai,Reserch Scholar,LM-27/4B,35m2,12.12.23,1965,To_be_updated
237,B.K.Saw,Reserch Scholar,LM-27/4C,35m2,08.06.22,1965,To_be_updated
238,vacant,NOT-APPLICABLE,LM-27/4D,35m2,NOT-APPLICABLE,1965,To_be_updated
239,Pratik Chowdhury,Reserch Scholar,LM-28/4A,35m2,28.12.24,1965,To_be_updated
240,Aswariya Mitra ,Reserch Scholar,LM-28/4B,35m2,12.12.24,1965,To_be_updated
241,vacant,NOT-APPLICABLE,LM-28/4C,35m2,NOT-APPLICABLE,1965,To_be_updated
242,Sajal Biswas,Sr. Assistant,LM-28/4D,35m2,21.02.11,1965,To_be_updated
243,Sujata Basu,NO-DATA,LM-29/4A,35m2,15.05.24,1965,To_be_updated
244,vacant,NOT-APPLICABLE,LM-29/4B,35m2,NOT-APPLICABLE,1965,To_be_updated
245,vacant,NOT-APPLICABLE,LM-29/4C,35m2,NOT-APPLICABLE,1965,To_be_updated
246,vacant,NOT-APPLICABLE,LM-29/4D,35m2,NOT-APPLICABLE,1965,To_be_updated
247,vacant,NOT-APPLICABLE,LM-31/4A,35m2,NOT-APPLICABLE,1965,To_be_updated
248,Rabindra nath Bauri,Sr. Attendent,LM-31/4B,35m2,02.11.18,1965,To_be_updated
249,vacant,NOT-APPLICABLE,LM-31/4C,35m2,NOT-APPLICABLE,1965,To_be_updated
250,vacant,NOT-APPLICABLE,LM-31/4D,35m2,NOT-APPLICABLE,1965,To_be_updated
251,vacant,NOT-APPLICABLE,LM-30/4A,35m2,08.06.22,1965,To_be_updated
252,Mahitosh Maity,Reserch Scholar,LM-30/4B,35m2,12.12.23,1965,To_be_updated
253,vacant,NOT-APPLICABLE,LM-30/4C,35m2,NOT-APPLICABLE,1965,To_be_updated
254,vacant,NOT-APPLICABLE,LM-30/4D,35m2,NOT-APPLICABLE,1965,To_be_updated
255,Gopal Ch. Purakait,Lab Assistant,LM-32/4A,35m2,15.02.18,1965,To_be_updated
256,Sudipto Das,Sr. Attendent,LM-32/4B,35m2,08.12.14,1965,To_be_updated
257,Jeet Mazumder,Pharmasyst,LM-32/4C,35m2,15.09.08,1965,To_be_updated
258,vacant,NOT-APPLICABLE,LM-32/4D,35m2,25.09.20,1965,To_be_updated
259,A.C.Minz,Asst. Reg,LM-33/4A,35m2,01.07.21,1965,To_be_updated
260,Sandip Das,Superintendent,LM-33/4B,35m2,15.06.11,1965,To_be_updated
261,vacant,NOT-APPLICABLE,LM-33/4C,35m2,22.11.24,1965,To_be_updated
262,Rupa Shaw,Tech. Assistant,LM-33/4D,35m2,14.05.09,1965,To_be_updated
263,NO-DATA,NO-DATA,TS-1,71m2,19.08.23,1966-67,To_be_updated
264,NO-DATA,NO-DATA,TS-2,71m2,20.12.23,1966-67,To_be_updated
265,Tanmoy Saha,Assistant Prof,TS-3,71m2,04.05.16,1966-67,To_be_updated
266,J.Hawlader,Associate Prof,TS-4,71m2,02.11.06,1966-67,To_be_updated
267,SOUGATA SAHA,Assistant Prof,TS-5,71m2,01.07.19,1966-67,To_be_updated
268,ARGHYA CHATTERJEE,Assistant Prof,TS-6,71m2,22.09.22,1966-67,To_be_updated
269,Sharu Ali,Sr. Attendent,LS_11/2B,28m2,07.08.15,1962,To_be_updated
270,R.E.C. Empl. Co-Opt LTD,NOT-APPLICABLE,LS-30/10/C,28m2,16.12.10,1997,To_be_updated
271,R.E.C. Empl. Co-Opt LTD,NOT-APPLICABLE,LS-30/10/D,28m2,16.12.10,1997,To_be_updated
272,R.E.C. Empl. Co-Opt LTD,NOT-APPLICABLE,LS-30/10/E,28m2,16.12.10,1997,To_be_updated
273,vacant,NOT-APPLICABLE,101(G+8),175m2,NOT-APPLICABLE,2015-16,To_be_updated
274,Dr. Sukadev Sahoo,Associate Prof,102(G+8),175m2,08.04.19,2015-16,To_be_updated
275,Mrs. Tandra Pal,Professor,103(G+8),175m2,01.09.2016,2015-16,To_be_updated
276,Dr. P Khubhakar,Professor,104(G+8),175m2,01.07.2016,2015-16,To_be_updated
277,Prof N.K. Roy,Professor,201(G+8),175m2,17.06.2016,2015-16,To_be_updated
278,Dr. Durbadal Mandal,Associate Prof,202(G+8),175m2,11.03.2019,2015-16,To_be_updated
279,Dr. Dipankar Sukul,Professor,203(G+8),175m2,09.05.2017,2015-16,To_be_updated
280,Dr.Apurba Layek,Professor,204(G+8),175m2,04.05.2016,2015-16,To_be_updated
281,Dr. S. N Mahato,Professor,301(G+8),175m2,27.06.2016,2015-16,To_be_updated
282,Dr. Kallol Khan,Associate Prof,302(G+8),175m2,11.03.2019,2015-16,To_be_updated
283,Dr. Rajat Mahapatra,Associate Prof,303(G+8),175m2,NO-DATA,2015-16,To_be_updated
284,Dr. Subrata Nandi,Professor,304(G+8),175m2,NO-DATA,2015-16,To_be_updated
285,PROF Subrata Banerjee,Professor,401(G+8),175m2,NO-DATA,2015-16,To_be_updated
286,vacant,NOT-APPLICABLE,402(G+8),175m2,NO-DATA,2015-16,To_be_updated
287,Dr. Avijan Dutta,Professor,403(G+8),175m2,NO-DATA,2015-16,To_be_updated
288,Dr. Manas Kr Mondal,Associate Prof,404(G+8),175m2,31.01.25,2015-16,To_be_updated
289,Dr.A Chakraborty,Professor,501(G+8),175m2,NO-DATA,2015-16,To_be_updated
290,Dr. J Chakraborty,Associate Prof,502(G+8),175m2,NO-DATA,2015-16,To_be_updated
291,Dr. Sucharita Patra,Doctor,503(G+8),175m2,NO-DATA,2015-16,To_be_updated
292,vacant,NOT-APPLICABLE,504(G+8),175m2,NO-DATA,2015-16,To_be_updated
293,Dr. Seema Sarkar,Associate Prof,601(G+8),175m2,NO-DATA,2015-16,To_be_updated
294,Dr.Bibhash Sen,Associate Prof,602(G+8),175m2,NO-DATA,2015-16,To_be_updated
295,Dr.B.K Sarkar,Doctor,603(G+8),175m2,NO-DATA,2015-16,To_be_updated
296,vacant,NOT-APPLICABLE,604(G+8),175m2,NO-DATA,2015-16,To_be_updated
297,Dr.Susmita Dutta,Associate Prof,701(G+8),175m2,NO-DATA,2015-16,To_be_updated
298,Dr. Rajib Kar,Associate Prof,702(G+8),175m2,NO-DATA,2015-16,To_be_updated
299,Dr.S Choudhury,Professor,703(G+8),175m2,NO-DATA,2015-16,To_be_updated
300,Dr. Durba Pal,Associate Prof,704(G+8),175m2,NO-DATA,2015-16,To_be_updated
301,vacant,NOT-APPLICABLE,801(G+8),175m2,NO-DATA,2015-16,To_be_updated
302,NO-DATA,NOT-APPLICABLE,802(G+8),175m2,NO-DATA,2015-16,To_be_updated
303,Dr.Supriya Bera,Associate Prof,803(G+8),175m2,NO-DATA,2015-16,To_be_updated
304,Dr. Surabhi Choudhury,Associate Prof,804(G+8),175m2,NO-DATA,2015-16,To_be_updated
